{
  "menu": [
    {
      "url": "/dashboard-ecommerce",
      "name": "Dashboard",
      "i18n": "Dashboard",
      "icon": "desktop",
      "tagcustom": "",
      "submenu": [
       
      ]
    },
        {
      "navheader": "Manage"
    },
    {
      "url": "manage_vendors",
      "name": "Vendors",
      "i18n": "Vendors",
      "icon": "users"
    },
    {
      "url": "customers",
      "name": "Customers",
      "i18n": "Customers",
      "icon": "users"
    },
    {
      "url": "products",
      "name": "Products",
      "i18n": "Products",
      "icon": "tablet"
    },
    {
      "url": "recipes",
      "name": "Recipes",
      "i18n": "Recipes",
      "icon": "tag"
    },
    {
      "url": "popular_products",
      "name": "Popular Products",
      "i18n": "Popular Products",
      "icon": "morph-bookmark"
    },
    {
      "url": "messages",
      "name": "Messages",
      "i18n": "Messages",
      "icon": "bell"
    },
    {
      "url": "categories",
      "name": "Categories",
      "i18n": "Categories",
      "icon": "grid"
    },
    {
      "url": "plans",
      "name": "Plans",
      "i18n": "Plans",
      "icon": "us-dollar"
    },
    {
      "url": "ProductRequests",
      "name": "Product Request",
      "i18n": "Product Request",
      "icon": "bell"
    },
    {
      "url": "https://pixinvent.com/demo/frest-clean-bootstrap-admin-dashboard-template/documentation",
      "name": "Documentation",
      "i18n": "Documentation",
      "icon": "morph-folder",
      "newTab":"_blank"
    }
  ]
}